Short name,Abbreviation,Phenocode,Description,Link to UKBB,Sex,Filename,wget command,link to sumstats
Alzheimers ,AD_1,AD,Alzheimerâ€™s disease,http://biobank.ctsu.ox.ac.uk/crystal/field.cgi?id=AD,both_sexes,AD.gwas.imputed_v3.both_sexes.tsv.bgz,wget https://broad-ukb-sumstats-us-east-1.s3.amazonaws.com/round2/additive-tsvs/AD.gwas.imputed_v3.both_sexes.tsv.bgz -O AD.gwas.imputed_v3.both_sexes.tsv.bgz,https://broad-ukb-sumstats-us-east-1.s3.amazonaws.com/round2/additive-tsvs/AD.gwas.imputed_v3.both_sexes.tsv.bgz
Parkinsons,PD_1,G20,Diagnoses - main ICD10: G20 Parkinson's disease,http://biobank.ctsu.ox.ac.uk/crystal/field.cgi?id=G20,both_sexes,G20.gwas.imputed_v3.both_sexes.tsv.bgz,wget  -O G20.gwas.imputed_v3.both_sexes.tsv.bgz,
Parkinsons,PD_2,20002_1262,"Non-cancer illness code, self-reported: parkinsons disease",http://biobank.ctsu.ox.ac.uk/crystal/field.cgi?id=20002,both_sexes,20002_1262.gwas.imputed_v3.both_sexes.tsv.bgz,wget https://broad-ukb-sumstats-us-east-1.s3.amazonaws.com/round2/additive-tsvs/20002_1262.gwas.imputed_v3.both_sexes.tsv.bgz -O 20002_1262.gwas.imputed_v3.both_sexes.tsv.bgz,https://broad-ukb-sumstats-us-east-1.s3.amazonaws.com/round2/additive-tsvs/20002_1262.gwas.imputed_v3.both_sexes.tsv.bgz
Dementia,DEM_1,F5_DEMENTIA,Dementia,http://biobank.ctsu.ox.ac.uk/crystal/field.cgi?id=F5,both_sexes,F5_DEMENTIA.gwas.imputed_v3.both_sexes.tsv.bgz,wget https://broad-ukb-sumstats-us-east-1.s3.amazonaws.com/round2/additive-tsvs/F5_DEMENTIA.gwas.imputed_v3.both_sexes.tsv.bgz -O F5_DEMENTIA.gwas.imputed_v3.both_sexes.tsv.bgz,https://broad-ukb-sumstats-us-east-1.s3.amazonaws.com/round2/additive-tsvs/F5_DEMENTIA.gwas.imputed_v3.both_sexes.tsv.bgz
Dementia,DEM_2,KRA_PSY_DEMENTIA,Any dementia,http://biobank.ctsu.ox.ac.uk/crystal/field.cgi?id=KRA,both_sexes,KRA_PSY_DEMENTIA.gwas.imputed_v3.both_sexes.tsv.bgz,wget https://broad-ukb-sumstats-us-east-1.s3.amazonaws.com/round2/additive-tsvs/KRA_PSY_DEMENTIA.gwas.imputed_v3.both_sexes.tsv.bgz -O KRA_PSY_DEMENTIA.gwas.imputed_v3.both_sexes.tsv.bgz,https://broad-ukb-sumstats-us-east-1.s3.amazonaws.com/round2/additive-tsvs/KRA_PSY_DEMENTIA.gwas.imputed_v3.both_sexes.tsv.bgz
Epilepsy,EPL_1,20002_1264,"Non-cancer illness code, self-reported: epilepsy",http://biobank.ctsu.ox.ac.uk/crystal/field.cgi?id=20002,both_sexes,20002_1264.gwas.imputed_v3.both_sexes.tsv.bgz,wget https://broad-ukb-sumstats-us-east-1.s3.amazonaws.com/round2/additive-tsvs/20002_1264.gwas.imputed_v3.both_sexes.tsv.bgz -O 20002_1264.gwas.imputed_v3.both_sexes.tsv.bgz,https://broad-ukb-sumstats-us-east-1.s3.amazonaws.com/round2/additive-tsvs/20002_1264.gwas.imputed_v3.both_sexes.tsv.bgz
Epilepsy,EPL_2,G40,Diagnoses - main ICD10: G40 Epilepsy,http://biobank.ctsu.ox.ac.uk/crystal/field.cgi?id=G40,both_sexes,G40.gwas.imputed_v3.both_sexes.tsv.bgz,wget https://broad-ukb-sumstats-us-east-1.s3.amazonaws.com/round2/additive-tsvs/G40.gwas.imputed_v3.both_sexes.tsv.bgz -O G40.gwas.imputed_v3.both_sexes.tsv.bgz,https://broad-ukb-sumstats-us-east-1.s3.amazonaws.com/round2/additive-tsvs/G40.gwas.imputed_v3.both_sexes.tsv.bgz
Multiple Sclerosis,MS_1,G35,Diagnoses - main ICD10: G35 Multiple sclerosis,http://biobank.ctsu.ox.ac.uk/crystal/field.cgi?id=G35,both_sexes,G35.gwas.imputed_v3.both_sexes.tsv.bgz,wget https://broad-ukb-sumstats-us-east-1.s3.amazonaws.com/round2/additive-tsvs/G35.gwas.imputed_v3.both_sexes.tsv.bgz -O G35.gwas.imputed_v3.both_sexes.tsv.bgz,https://broad-ukb-sumstats-us-east-1.s3.amazonaws.com/round2/additive-tsvs/G35.gwas.imputed_v3.both_sexes.tsv.bgz
Multiple Sclerosis,MS_2,20002_1261,"Non-cancer illness code, self-reported: multiple sclerosis",http://biobank.ctsu.ox.ac.uk/crystal/field.cgi?id=20002,both_sexes,20002_1261.gwas.imputed_v3.both_sexes.tsv.bgz,wget https://broad-ukb-sumstats-us-east-1.s3.amazonaws.com/round2/additive-tsvs/20002_1261.gwas.imputed_v3.both_sexes.tsv.bgz -O 20002_1261.gwas.imputed_v3.both_sexes.tsv.bgz,https://broad-ukb-sumstats-us-east-1.s3.amazonaws.com/round2/additive-tsvs/20002_1261.gwas.imputed_v3.both_sexes.tsv.bgz
Autism,ASD_1,20544_14,"Mental health problems ever diagnosed by a professional: Autism, Asperger's or autistic spectrum disorder",http://biobank.ctsu.ox.ac.uk/crystal/field.cgi?id=20544,both_sexes,20544_14.gwas.imputed_v3.both_sexes.tsv.bgz,wget https://broad-ukb-sumstats-us-east-1.s3.amazonaws.com/round2/additive-tsvs/20544_14.gwas.imputed_v3.both_sexes.tsv.bgz -O 20544_14.gwas.imputed_v3.both_sexes.tsv.bgz,https://broad-ukb-sumstats-us-east-1.s3.amazonaws.com/round2/additive-tsvs/20544_14.gwas.imputed_v3.both_sexes.tsv.bgz
Irritable Bowel Syndrome,IBD_1,K58,Diagnoses - main ICD10: K58 Irritable bowel syndrome,http://biobank.ctsu.ox.ac.uk/crystal/field.cgi?id=K58,both_sexes,K58.gwas.imputed_v3.both_sexes.tsv.bgz,wget https://broad-ukb-sumstats-us-east-1.s3.amazonaws.com/round2/additive-tsvs/K58.gwas.imputed_v3.both_sexes.tsv.bgz -O K58.gwas.imputed_v3.both_sexes.tsv.bgz,https://broad-ukb-sumstats-us-east-1.s3.amazonaws.com/round2/additive-tsvs/K58.gwas.imputed_v3.both_sexes.tsv.bgz
Irritable Bowel Syndrome,IBD_2,20002_1154,"Non-cancer illness code, self-reported: irritable bowel syndrome",http://biobank.ctsu.ox.ac.uk/crystal/field.cgi?id=20002,both_sexes,20002_1154.gwas.imputed_v3.both_sexes.tsv.bgz,wget https://broad-ukb-sumstats-us-east-1.s3.amazonaws.com/round2/additive-tsvs/20002_1154.gwas.imputed_v3.both_sexes.tsv.bgz -O 20002_1154.gwas.imputed_v3.both_sexes.tsv.bgz,https://broad-ukb-sumstats-us-east-1.s3.amazonaws.com/round2/additive-tsvs/20002_1154.gwas.imputed_v3.both_sexes.tsv.bgz
Crohns,CRO_1,20002_1462,"Non-cancer illness code, self-reported: crohns disease",http://biobank.ctsu.ox.ac.uk/crystal/field.cgi?id=20002,both_sexes,20002_1462.gwas.imputed_v3.both_sexes.tsv.bgz,wget https://broad-ukb-sumstats-us-east-1.s3.amazonaws.com/round2/additive-tsvs/20002_1462.gwas.imputed_v3.both_sexes.tsv.bgz -O 20002_1462.gwas.imputed_v3.both_sexes.tsv.bgz,https://broad-ukb-sumstats-us-east-1.s3.amazonaws.com/round2/additive-tsvs/20002_1462.gwas.imputed_v3.both_sexes.tsv.bgz
Crohns,CRO_2,CHRONLARGE,Crohn's disease of large intestine,http://biobank.ctsu.ox.ac.uk/crystal/field.cgi?id=CHRONLARGE,both_sexes,CHRONLARGE.gwas.imputed_v3.both_sexes.tsv.bgz,wget https://broad-ukb-sumstats-us-east-1.s3.amazonaws.com/round2/additive-tsvs/CHRONLARGE.gwas.imputed_v3.both_sexes.tsv.bgz -O CHRONLARGE.gwas.imputed_v3.both_sexes.tsv.bgz,https://broad-ukb-sumstats-us-east-1.s3.amazonaws.com/round2/additive-tsvs/CHRONLARGE.gwas.imputed_v3.both_sexes.tsv.bgz
Crohns,CRO_3,CHRONSMALL,Crohn's disease of small interstine,http://biobank.ctsu.ox.ac.uk/crystal/field.cgi?id=CHRONSMALL,both_sexes,CHRONSMALL.gwas.imputed_v3.both_sexes.tsv.bgz,wget https://broad-ukb-sumstats-us-east-1.s3.amazonaws.com/round2/additive-tsvs/CHRONSMALL.gwas.imputed_v3.both_sexes.tsv.bgz -O CHRONSMALL.gwas.imputed_v3.both_sexes.tsv.bgz,https://broad-ukb-sumstats-us-east-1.s3.amazonaws.com/round2/additive-tsvs/CHRONSMALL.gwas.imputed_v3.both_sexes.tsv.bgz
Crohns,CRO_4,K50,Diagnoses - main ICD10: K50 Crohn's disease [regional enteritis],http://biobank.ctsu.ox.ac.uk/crystal/field.cgi?id=K50,both_sexes,K50.gwas.imputed_v3.both_sexes.tsv.bgz,wget https://broad-ukb-sumstats-us-east-1.s3.amazonaws.com/round2/additive-tsvs/K50.gwas.imputed_v3.both_sexes.tsv.bgz -O K50.gwas.imputed_v3.both_sexes.tsv.bgz,https://broad-ukb-sumstats-us-east-1.s3.amazonaws.com/round2/additive-tsvs/K50.gwas.imputed_v3.both_sexes.tsv.bgz
Lupus,LUP_1,20002_1381,"Non-cancer illness code, self-reported: systemic lupus erythematosis/sle",http://biobank.ctsu.ox.ac.uk/crystal/field.cgi?id=20002,both_sexes,20002_1381.gwas.imputed_v3.both_sexes.tsv.bgz,wget https://broad-ukb-sumstats-us-east-1.s3.amazonaws.com/round2/additive-tsvs/20002_1381.gwas.imputed_v3.both_sexes.tsv.bgz -O 20002_1381.gwas.imputed_v3.both_sexes.tsv.bgz,https://broad-ukb-sumstats-us-east-1.s3.amazonaws.com/round2/additive-tsvs/20002_1381.gwas.imputed_v3.both_sexes.tsv.bgz
Type 1 Diabetes,T1D_1,E4_DM1,Type 1 diabetes,http://biobank.ctsu.ox.ac.uk/crystal/field.cgi?id=E4,both_sexes,E4_DM1.gwas.imputed_v3.both_sexes.tsv.bgz,wget https://broad-ukb-sumstats-us-east-1.s3.amazonaws.com/round2/additive-tsvs/E4_DM1.gwas.imputed_v3.both_sexes.tsv.bgz -O E4_DM1.gwas.imputed_v3.both_sexes.tsv.bgz,https://broad-ukb-sumstats-us-east-1.s3.amazonaws.com/round2/additive-tsvs/E4_DM1.gwas.imputed_v3.both_sexes.tsv.bgz
Type 1 Diabetes,T1D_2,E4_DM1KETO,Type 1 diabetes with ketoacidosis,http://biobank.ctsu.ox.ac.uk/crystal/field.cgi?id=E4,both_sexes,E4_DM1KETO.gwas.imputed_v3.both_sexes.tsv.bgz,wget https://broad-ukb-sumstats-us-east-1.s3.amazonaws.com/round2/additive-tsvs/E4_DM1KETO.gwas.imputed_v3.both_sexes.tsv.bgz -O E4_DM1KETO.gwas.imputed_v3.both_sexes.tsv.bgz,https://broad-ukb-sumstats-us-east-1.s3.amazonaws.com/round2/additive-tsvs/E4_DM1KETO.gwas.imputed_v3.both_sexes.tsv.bgz
Type 1 Diabetes,T1D_3,E4_DM1NOCOMP,Type 1 diabetes without complications,http://biobank.ctsu.ox.ac.uk/crystal/field.cgi?id=E4,both_sexes,E4_DM1NOCOMP.gwas.imputed_v3.both_sexes.tsv.bgz,wget https://broad-ukb-sumstats-us-east-1.s3.amazonaws.com/round2/additive-tsvs/E4_DM1NOCOMP.gwas.imputed_v3.both_sexes.tsv.bgz -O E4_DM1NOCOMP.gwas.imputed_v3.both_sexes.tsv.bgz,https://broad-ukb-sumstats-us-east-1.s3.amazonaws.com/round2/additive-tsvs/E4_DM1NOCOMP.gwas.imputed_v3.both_sexes.tsv.bgz
Type 1 Diabetes,T1D_4,E4_DM1OPTH,Type 1 diabetes with ophthalmic complications,http://biobank.ctsu.ox.ac.uk/crystal/field.cgi?id=E4,both_sexes,E4_DM1OPTH.gwas.imputed_v3.both_sexes.tsv.bgz,wget https://broad-ukb-sumstats-us-east-1.s3.amazonaws.com/round2/additive-tsvs/E4_DM1OPTH.gwas.imputed_v3.both_sexes.tsv.bgz -O E4_DM1OPTH.gwas.imputed_v3.both_sexes.tsv.bgz,https://broad-ukb-sumstats-us-east-1.s3.amazonaws.com/round2/additive-tsvs/E4_DM1OPTH.gwas.imputed_v3.both_sexes.tsv.bgz
Type 1 Diabetes,T1D_5,20002_1222,"Non-cancer illness code, self-reported: type 1 diabetes",http://biobank.ctsu.ox.ac.uk/crystal/field.cgi?id=20002,both_sexes,20002_1222.gwas.imputed_v3.both_sexes.tsv.bgz,wget https://broad-ukb-sumstats-us-east-1.s3.amazonaws.com/round2/additive-tsvs/20002_1222.gwas.imputed_v3.both_sexes.tsv.bgz -O 20002_1222.gwas.imputed_v3.both_sexes.tsv.bgz,https://broad-ukb-sumstats-us-east-1.s3.amazonaws.com/round2/additive-tsvs/20002_1222.gwas.imputed_v3.both_sexes.tsv.bgz
Psoriasis,PSR_1,20002_1453,"Non-cancer illness code, self-reported: psoriasis",http://biobank.ctsu.ox.ac.uk/crystal/field.cgi?id=20002,both_sexes,20002_1453.gwas.imputed_v3.both_sexes.tsv.bgz,wget https://broad-ukb-sumstats-us-east-1.s3.amazonaws.com/round2/additive-tsvs/20002_1453.gwas.imputed_v3.both_sexes.tsv.bgz -O 20002_1453.gwas.imputed_v3.both_sexes.tsv.bgz,https://broad-ukb-sumstats-us-east-1.s3.amazonaws.com/round2/additive-tsvs/20002_1453.gwas.imputed_v3.both_sexes.tsv.bgz
Psoriasis,PSR_2,L12_PSORI_ARTHRO,Arthropathic psoriasis,http://biobank.ctsu.ox.ac.uk/crystal/field.cgi?id=L12,both_sexes,L12_PSORI_ARTHRO.gwas.imputed_v3.both_sexes.tsv.bgz,wget https://broad-ukb-sumstats-us-east-1.s3.amazonaws.com/round2/additive-tsvs/L12_PSORI_ARTHRO.gwas.imputed_v3.both_sexes.tsv.bgz -O L12_PSORI_ARTHRO.gwas.imputed_v3.both_sexes.tsv.bgz,https://broad-ukb-sumstats-us-east-1.s3.amazonaws.com/round2/additive-tsvs/L12_PSORI_ARTHRO.gwas.imputed_v3.both_sexes.tsv.bgz
Psoriasis,PSR_3,L12_PSORI_NAS,Other and unspecified psoriasis,http://biobank.ctsu.ox.ac.uk/crystal/field.cgi?id=L12,both_sexes,L12_PSORI_NAS.gwas.imputed_v3.both_sexes.tsv.bgz,wget https://broad-ukb-sumstats-us-east-1.s3.amazonaws.com/round2/additive-tsvs/L12_PSORI_NAS.gwas.imputed_v3.both_sexes.tsv.bgz -O L12_PSORI_NAS.gwas.imputed_v3.both_sexes.tsv.bgz,https://broad-ukb-sumstats-us-east-1.s3.amazonaws.com/round2/additive-tsvs/L12_PSORI_NAS.gwas.imputed_v3.both_sexes.tsv.bgz
Psoriasis,PSR_4,L12_PSORIASIS,Psoriasis,http://biobank.ctsu.ox.ac.uk/crystal/field.cgi?id=L12,both_sexes,L12_PSORIASIS.gwas.imputed_v3.both_sexes.tsv.bgz,wget https://broad-ukb-sumstats-us-east-1.s3.amazonaws.com/round2/additive-tsvs/L12_PSORIASIS.gwas.imputed_v3.both_sexes.tsv.bgz -O L12_PSORIASIS.gwas.imputed_v3.both_sexes.tsv.bgz,https://broad-ukb-sumstats-us-east-1.s3.amazonaws.com/round2/additive-tsvs/L12_PSORIASIS.gwas.imputed_v3.both_sexes.tsv.bgz
Psoriasis,PSR_5,L40,Diagnoses - main ICD10: L40 Psoriasis,http://biobank.ctsu.ox.ac.uk/crystal/field.cgi?id=L40,both_sexes,L40.gwas.imputed_v3.both_sexes.tsv.bgz,wget https://broad-ukb-sumstats-us-east-1.s3.amazonaws.com/round2/additive-tsvs/L40.gwas.imputed_v3.both_sexes.tsv.bgz -O L40.gwas.imputed_v3.both_sexes.tsv.bgz,https://broad-ukb-sumstats-us-east-1.s3.amazonaws.com/round2/additive-tsvs/L40.gwas.imputed_v3.both_sexes.tsv.bgz
Rheumatoid arthritis,RHA_1,20002_1464,"Non-cancer illness code, self-reported: rheumatoid arthritis",http://biobank.ctsu.ox.ac.uk/crystal/field.cgi?id=20002,both_sexes,20002_1464.gwas.imputed_v3.both_sexes.tsv.bgz,wget https://broad-ukb-sumstats-us-east-1.s3.amazonaws.com/round2/additive-tsvs/20002_1464.gwas.imputed_v3.both_sexes.tsv.bgz -O 20002_1464.gwas.imputed_v3.both_sexes.tsv.bgz,https://broad-ukb-sumstats-us-east-1.s3.amazonaws.com/round2/additive-tsvs/20002_1464.gwas.imputed_v3.both_sexes.tsv.bgz
Rheumatoid arthritis,RHA_2,M05,Diagnoses - main ICD10: M05 Seropositive rheumatoid arthritis,http://biobank.ctsu.ox.ac.uk/crystal/field.cgi?id=M05,both_sexes,M05.gwas.imputed_v3.both_sexes.tsv.bgz,wget https://broad-ukb-sumstats-us-east-1.s3.amazonaws.com/round2/additive-tsvs/M05.gwas.imputed_v3.both_sexes.tsv.bgz -O M05.gwas.imputed_v3.both_sexes.tsv.bgz,https://broad-ukb-sumstats-us-east-1.s3.amazonaws.com/round2/additive-tsvs/M05.gwas.imputed_v3.both_sexes.tsv.bgz
Rheumatoid arthritis,RHA_3,M06,Diagnoses - main ICD10: M06 Other rheumatoid arthritis,http://biobank.ctsu.ox.ac.uk/crystal/field.cgi?id=M06,both_sexes,M06.gwas.imputed_v3.both_sexes.tsv.bgz,wget https://broad-ukb-sumstats-us-east-1.s3.amazonaws.com/round2/additive-tsvs/M06.gwas.imputed_v3.both_sexes.tsv.bgz -O M06.gwas.imputed_v3.both_sexes.tsv.bgz,https://broad-ukb-sumstats-us-east-1.s3.amazonaws.com/round2/additive-tsvs/M06.gwas.imputed_v3.both_sexes.tsv.bgz
Rheumatoid arthritis,RHA_4,M13_RHEUMA,Rheumatoid arthritis,http://biobank.ctsu.ox.ac.uk/crystal/field.cgi?id=M13,both_sexes,M13_RHEUMA.gwas.imputed_v3.both_sexes.tsv.bgz,wget https://broad-ukb-sumstats-us-east-1.s3.amazonaws.com/round2/additive-tsvs/M13_RHEUMA.gwas.imputed_v3.both_sexes.tsv.bgz -O M13_RHEUMA.gwas.imputed_v3.both_sexes.tsv.bgz,https://broad-ukb-sumstats-us-east-1.s3.amazonaws.com/round2/additive-tsvs/M13_RHEUMA.gwas.imputed_v3.both_sexes.tsv.bgz
Rheumatoid arthritis,RHA_5,RHEUMA_NOS,Other/unspecified rheumatoid arthritis,http://biobank.ctsu.ox.ac.uk/crystal/field.cgi?id=RHEUMA,both_sexes,RHEUMA_NOS.gwas.imputed_v3.both_sexes.tsv.bgz,wget https://broad-ukb-sumstats-us-east-1.s3.amazonaws.com/round2/additive-tsvs/RHEUMA_NOS.gwas.imputed_v3.both_sexes.tsv.bgz -O RHEUMA_NOS.gwas.imputed_v3.both_sexes.tsv.bgz,https://broad-ukb-sumstats-us-east-1.s3.amazonaws.com/round2/additive-tsvs/RHEUMA_NOS.gwas.imputed_v3.both_sexes.tsv.bgz
Rheumatoid arthritis,RHA_6,RHEUMA_SEROPOS_OTH,Other/unspecified seropositiverheumatoid arthritis,http://biobank.ctsu.ox.ac.uk/crystal/field.cgi?id=RHEUMA,both_sexes,RHEUMA_SEROPOS_OTH.gwas.imputed_v3.both_sexes.tsv.bgz,wget https://broad-ukb-sumstats-us-east-1.s3.amazonaws.com/round2/additive-tsvs/RHEUMA_SEROPOS_OTH.gwas.imputed_v3.both_sexes.tsv.bgz -O RHEUMA_SEROPOS_OTH.gwas.imputed_v3.both_sexes.tsv.bgz,https://broad-ukb-sumstats-us-east-1.s3.amazonaws.com/round2/additive-tsvs/RHEUMA_SEROPOS_OTH.gwas.imputed_v3.both_sexes.tsv.bgz
Rheumatoid arthritis,RHA_7,RHEUMA_SEROPOS,Seropositive rheumatoid arthritis,http://biobank.ctsu.ox.ac.uk/crystal/field.cgi?id=RHEUMA,both_sexes,RHEUMA_SEROPOS.gwas.imputed_v3.both_sexes.tsv.bgz,wget https://broad-ukb-sumstats-us-east-1.s3.amazonaws.com/round2/additive-tsvs/RHEUMA_SEROPOS.gwas.imputed_v3.both_sexes.tsv.bgz -O RHEUMA_SEROPOS.gwas.imputed_v3.both_sexes.tsv.bgz,https://broad-ukb-sumstats-us-east-1.s3.amazonaws.com/round2/additive-tsvs/RHEUMA_SEROPOS.gwas.imputed_v3.both_sexes.tsv.bgz
Body Mass Index,BMI_1,21001_irnt,Body mass index (BMI),http://biobank.ctsu.ox.ac.uk/crystal/field.cgi?id=21001,both_sexes,21001_irnt.gwas.imputed_v3.both_sexes.tsv.bgz,wget https://broad-ukb-sumstats-us-east-1.s3.amazonaws.com/round2/additive-tsvs/21001_irnt.gwas.imputed_v3.both_sexes.tsv.bgz -O 21001_irnt.gwas.imputed_v3.both_sexes.tsv.bgz,https://broad-ukb-sumstats-us-east-1.s3.amazonaws.com/round2/additive-tsvs/21001_irnt.gwas.imputed_v3.both_sexes.tsv.bgz
Body Mass Index,BMI_2,21001_raw,Body mass index (BMI),http://biobank.ctsu.ox.ac.uk/crystal/field.cgi?id=21001,both_sexes,21001_raw.gwas.imputed_v3.both_sexes.tsv.bgz,wget https://broad-ukb-sumstats-us-east-1.s3.amazonaws.com/round2/additive-tsvs/21001_raw.gwas.imputed_v3.both_sexes.tsv.bgz -O 21001_raw.gwas.imputed_v3.both_sexes.tsv.bgz,https://broad-ukb-sumstats-us-east-1.s3.amazonaws.com/round2/additive-tsvs/21001_raw.gwas.imputed_v3.both_sexes.tsv.bgz
Systolic Blood Pressure,SBP_1,4080_irnt,"Systolic blood pressure, automated reading",http://biobank.ctsu.ox.ac.uk/crystal/field.cgi?id=4080,both_sexes,4080_irnt.gwas.imputed_v3.both_sexes.tsv.bgz,wget https://broad-ukb-sumstats-us-east-1.s3.amazonaws.com/round2/additive-tsvs/4080_irnt.gwas.imputed_v3.both_sexes.tsv.bgz -O 4080_irnt.gwas.imputed_v3.both_sexes.tsv.bgz,https://broad-ukb-sumstats-us-east-1.s3.amazonaws.com/round2/additive-tsvs/4080_irnt.gwas.imputed_v3.both_sexes.tsv.bgz
Systolic Blood Pressure,SBP_2,4080_raw,"Systolic blood pressure, automated reading",http://biobank.ctsu.ox.ac.uk/crystal/field.cgi?id=4080,both_sexes,4080_raw.gwas.imputed_v3.both_sexes.tsv.bgz,wget https://broad-ukb-sumstats-us-east-1.s3.amazonaws.com/round2/additive-tsvs/4080_raw.gwas.imputed_v3.both_sexes.tsv.bgz -O 4080_raw.gwas.imputed_v3.both_sexes.tsv.bgz,https://broad-ukb-sumstats-us-east-1.s3.amazonaws.com/round2/additive-tsvs/4080_raw.gwas.imputed_v3.both_sexes.tsv.bgz
Systolic Blood Pressure,SBP_3,93_irnt,"Systolic blood pressure, manual reading",http://biobank.ctsu.ox.ac.uk/crystal/field.cgi?id=93,both_sexes,93_irnt.gwas.imputed_v3.both_sexes.tsv.bgz,wget https://broad-ukb-sumstats-us-east-1.s3.amazonaws.com/round2/additive-tsvs/93_irnt.gwas.imputed_v3.both_sexes.tsv.bgz -O 93_irnt.gwas.imputed_v3.both_sexes.tsv.bgz,https://broad-ukb-sumstats-us-east-1.s3.amazonaws.com/round2/additive-tsvs/93_irnt.gwas.imputed_v3.both_sexes.tsv.bgz
Systolic Blood Pressure,SBP_4,93_raw,"Systolic blood pressure, manual reading",http://biobank.ctsu.ox.ac.uk/crystal/field.cgi?id=93,both_sexes,93_raw.gwas.imputed_v3.both_sexes.tsv.bgz,wget https://broad-ukb-sumstats-us-east-1.s3.amazonaws.com/round2/additive-tsvs/93_raw.gwas.imputed_v3.both_sexes.tsv.bgz -O 93_raw.gwas.imputed_v3.both_sexes.tsv.bgz,https://broad-ukb-sumstats-us-east-1.s3.amazonaws.com/round2/additive-tsvs/93_raw.gwas.imputed_v3.both_sexes.tsv.bgz
Diastolic Blood Pressure,DBP_1,94_irnt,"Diastolic blood pressure, manual reading",http://biobank.ctsu.ox.ac.uk/crystal/field.cgi?id=94,both_sexes,94_irnt.gwas.imputed_v3.both_sexes.tsv.bgz,wget https://broad-ukb-sumstats-us-east-1.s3.amazonaws.com/round2/additive-tsvs/94_irnt.gwas.imputed_v3.both_sexes.tsv.bgz -O 94_irnt.gwas.imputed_v3.both_sexes.tsv.bgz,https://broad-ukb-sumstats-us-east-1.s3.amazonaws.com/round2/additive-tsvs/94_irnt.gwas.imputed_v3.both_sexes.tsv.bgz
Diastolic Blood Pressure,DBP_2,94_raw,"Diastolic blood pressure, manual reading",http://biobank.ctsu.ox.ac.uk/crystal/field.cgi?id=94,both_sexes,94_raw.gwas.imputed_v3.both_sexes.tsv.bgz,wget https://broad-ukb-sumstats-us-east-1.s3.amazonaws.com/round2/additive-tsvs/94_raw.gwas.imputed_v3.both_sexes.tsv.bgz -O 94_raw.gwas.imputed_v3.both_sexes.tsv.bgz,https://broad-ukb-sumstats-us-east-1.s3.amazonaws.com/round2/additive-tsvs/94_raw.gwas.imputed_v3.both_sexes.tsv.bgz
Diastolic Blood Pressure,DBP_3,4079_irnt,"Diastolic blood pressure, automated reading",http://biobank.ctsu.ox.ac.uk/crystal/field.cgi?id=4079,both_sexes,4079_irnt.gwas.imputed_v3.both_sexes.tsv.bgz,wget https://broad-ukb-sumstats-us-east-1.s3.amazonaws.com/round2/additive-tsvs/4079_irnt.gwas.imputed_v3.both_sexes.tsv.bgz -O 4079_irnt.gwas.imputed_v3.both_sexes.tsv.bgz,https://broad-ukb-sumstats-us-east-1.s3.amazonaws.com/round2/additive-tsvs/4079_irnt.gwas.imputed_v3.both_sexes.tsv.bgz
Diastolic Blood Pressure,DBP_4,4079_raw,"Diastolic blood pressure, automated reading",http://biobank.ctsu.ox.ac.uk/crystal/field.cgi?id=4079,both_sexes,4079_raw.gwas.imputed_v3.both_sexes.tsv.bgz,wget https://broad-ukb-sumstats-us-east-1.s3.amazonaws.com/round2/additive-tsvs/4079_raw.gwas.imputed_v3.both_sexes.tsv.bgz -O 4079_raw.gwas.imputed_v3.both_sexes.tsv.bgz,https://broad-ukb-sumstats-us-east-1.s3.amazonaws.com/round2/additive-tsvs/4079_raw.gwas.imputed_v3.both_sexes.tsv.bgz
Low-density lipoprotein,LDL_1,30780_irnt,LDL direct (quantile),http://biobank.ctsu.ox.ac.uk/crystal/field.cgi?id=30780,both_sexes,30780_irnt.gwas.imputed_v3.both_sexes.varorder.tsv.bgz,wget https://broad-ukb-sumstats-us-east-1.s3.amazonaws.com/round2/additive-tsvs/30780_irnt.gwas.imputed_v3.both_sexes.varorder.tsv.bgz -O 30780_irnt.gwas.imputed_v3.both_sexes.varorder.tsv.bgz,https://broad-ukb-sumstats-us-east-1.s3.amazonaws.com/round2/additive-tsvs/30780_irnt.gwas.imputed_v3.both_sexes.varorder.tsv.bgz
Low-density lipoprotein,LDL_2,30780_raw,LDL direct (mmol/L),http://biobank.ctsu.ox.ac.uk/crystal/field.cgi?id=30780,both_sexes,30780_raw.gwas.imputed_v3.both_sexes.varorder.tsv.bgz,wget https://broad-ukb-sumstats-us-east-1.s3.amazonaws.com/round2/additive-tsvs/30780_raw.gwas.imputed_v3.both_sexes.varorder.tsv.bgz -O 30780_raw.gwas.imputed_v3.both_sexes.varorder.tsv.bgz,https://broad-ukb-sumstats-us-east-1.s3.amazonaws.com/round2/additive-tsvs/30780_raw.gwas.imputed_v3.both_sexes.varorder.tsv.bgz
Body fat,BF_1,23099_irnt,Body fat percentage,http://biobank.ctsu.ox.ac.uk/crystal/field.cgi?id=23099,both_sexes,23099_irnt.gwas.imputed_v3.both_sexes.tsv.bgz,wget https://broad-ukb-sumstats-us-east-1.s3.amazonaws.com/round2/additive-tsvs/23099_irnt.gwas.imputed_v3.both_sexes.tsv.bgz -O 23099_irnt.gwas.imputed_v3.both_sexes.tsv.bgz,https://broad-ukb-sumstats-us-east-1.s3.amazonaws.com/round2/additive-tsvs/23099_irnt.gwas.imputed_v3.both_sexes.tsv.bgz
Type 2 Diabetes,T2D_1,E4_DM2,Type 2 diabetes,http://biobank.ctsu.ox.ac.uk/crystal/field.cgi?id=E4,both_sexes,E4_DM2.gwas.imputed_v3.both_sexes.tsv.bgz,wget https://broad-ukb-sumstats-us-east-1.s3.amazonaws.com/round2/additive-tsvs/E4_DM2.gwas.imputed_v3.both_sexes.tsv.bgz -O E4_DM2.gwas.imputed_v3.both_sexes.tsv.bgz,https://broad-ukb-sumstats-us-east-1.s3.amazonaws.com/round2/additive-tsvs/E4_DM2.gwas.imputed_v3.both_sexes.tsv.bgz
Type 2 Diabetes,T2D_2,E4_DM2NOCOMP,Type 2 diabetes without complications,http://biobank.ctsu.ox.ac.uk/crystal/field.cgi?id=E4,both_sexes,E4_DM2NOCOMP.gwas.imputed_v3.both_sexes.tsv.bgz,wget https://broad-ukb-sumstats-us-east-1.s3.amazonaws.com/round2/additive-tsvs/E4_DM2NOCOMP.gwas.imputed_v3.both_sexes.tsv.bgz -O E4_DM2NOCOMP.gwas.imputed_v3.both_sexes.tsv.bgz,https://broad-ukb-sumstats-us-east-1.s3.amazonaws.com/round2/additive-tsvs/E4_DM2NOCOMP.gwas.imputed_v3.both_sexes.tsv.bgz
Type 2 Diabetes,T2D_3,E4_DM2OPTH,Type 2 diabetes with ophthalmic complications,http://biobank.ctsu.ox.ac.uk/crystal/field.cgi?id=E4,both_sexes,E4_DM2OPTH.gwas.imputed_v3.both_sexes.tsv.bgz,wget https://broad-ukb-sumstats-us-east-1.s3.amazonaws.com/round2/additive-tsvs/E4_DM2OPTH.gwas.imputed_v3.both_sexes.tsv.bgz -O E4_DM2OPTH.gwas.imputed_v3.both_sexes.tsv.bgz,https://broad-ukb-sumstats-us-east-1.s3.amazonaws.com/round2/additive-tsvs/E4_DM2OPTH.gwas.imputed_v3.both_sexes.tsv.bgz
Type 2 Diabetes,T2D_4,E4_DM2PERIPH,Type 2 diabetes with peripheral circulatory complications,http://biobank.ctsu.ox.ac.uk/crystal/field.cgi?id=E4,both_sexes,E4_DM2PERIPH.gwas.imputed_v3.both_sexes.tsv.bgz,wget https://broad-ukb-sumstats-us-east-1.s3.amazonaws.com/round2/additive-tsvs/E4_DM2PERIPH.gwas.imputed_v3.both_sexes.tsv.bgz -O E4_DM2PERIPH.gwas.imputed_v3.both_sexes.tsv.bgz,https://broad-ukb-sumstats-us-east-1.s3.amazonaws.com/round2/additive-tsvs/E4_DM2PERIPH.gwas.imputed_v3.both_sexes.tsv.bgz
Type 2 Diabetes,T2D_5,20002_1223,"Non-cancer illness code, self-reported: type 2 diabetes",http://biobank.ctsu.ox.ac.uk/crystal/field.cgi?id=20002,both_sexes,20002_1223.gwas.imputed_v3.both_sexes.tsv.bgz,wget https://broad-ukb-sumstats-us-east-1.s3.amazonaws.com/round2/additive-tsvs/20002_1223.gwas.imputed_v3.both_sexes.tsv.bgz -O 20002_1223.gwas.imputed_v3.both_sexes.tsv.bgz,https://broad-ukb-sumstats-us-east-1.s3.amazonaws.com/round2/additive-tsvs/20002_1223.gwas.imputed_v3.both_sexes.tsv.bgz
Coronary Heart Disease,CHD_1,I9_CHD_NOREV,Major coronary heart disease event excluding revascularizations,http://biobank.ctsu.ox.ac.uk/crystal/field.cgi?id=I9,both_sexes,I9_CHD_NOREV.gwas.imputed_v3.both_sexes.tsv.bgz,wget https://broad-ukb-sumstats-us-east-1.s3.amazonaws.com/round2/additive-tsvs/I9_CHD_NOREV.gwas.imputed_v3.both_sexes.tsv.bgz -O I9_CHD_NOREV.gwas.imputed_v3.both_sexes.tsv.bgz,https://broad-ukb-sumstats-us-east-1.s3.amazonaws.com/round2/additive-tsvs/I9_CHD_NOREV.gwas.imputed_v3.both_sexes.tsv.bgz
Coronary Heart Disease,CHD_2,I9_CHD,Major coronary heart disease event,http://biobank.ctsu.ox.ac.uk/crystal/field.cgi?id=I9,both_sexes,I9_CHD.gwas.imputed_v3.both_sexes.tsv.bgz,wget https://broad-ukb-sumstats-us-east-1.s3.amazonaws.com/round2/additive-tsvs/I9_CHD.gwas.imputed_v3.both_sexes.tsv.bgz -O I9_CHD.gwas.imputed_v3.both_sexes.tsv.bgz,https://broad-ukb-sumstats-us-east-1.s3.amazonaws.com/round2/additive-tsvs/I9_CHD.gwas.imputed_v3.both_sexes.tsv.bgz
Forced expiratory volume in 1-second,FEV1_1,20150_irnt,"Forced expiratory volume in 1-second (FEV1), Best measure",http://biobank.ctsu.ox.ac.uk/crystal/field.cgi?id=20150,both_sexes,20150_irnt.gwas.imputed_v3.both_sexes.tsv.bgz,wget https://broad-ukb-sumstats-us-east-1.s3.amazonaws.com/round2/additive-tsvs/20150_irnt.gwas.imputed_v3.both_sexes.tsv.bgz -O 20150_irnt.gwas.imputed_v3.both_sexes.tsv.bgz,https://broad-ukb-sumstats-us-east-1.s3.amazonaws.com/round2/additive-tsvs/20150_irnt.gwas.imputed_v3.both_sexes.tsv.bgz
Forced expiratory volume in 1-second,FEV1_2,20150_raw,"Forced expiratory volume in 1-second (FEV1), Best measure",http://biobank.ctsu.ox.ac.uk/crystal/field.cgi?id=20150,both_sexes,20150_raw.gwas.imputed_v3.both_sexes.tsv.bgz,wget https://broad-ukb-sumstats-us-east-1.s3.amazonaws.com/round2/additive-tsvs/20150_raw.gwas.imputed_v3.both_sexes.tsv.bgz -O 20150_raw.gwas.imputed_v3.both_sexes.tsv.bgz,https://broad-ukb-sumstats-us-east-1.s3.amazonaws.com/round2/additive-tsvs/20150_raw.gwas.imputed_v3.both_sexes.tsv.bgz
Forced expiratory volume in 1-second,FEV1_3,20153_irnt,"Forced expiratory volume in 1-second (FEV1), predicted",http://biobank.ctsu.ox.ac.uk/crystal/field.cgi?id=20153,both_sexes,20153_irnt.gwas.imputed_v3.both_sexes.tsv.bgz,wget https://broad-ukb-sumstats-us-east-1.s3.amazonaws.com/round2/additive-tsvs/20153_irnt.gwas.imputed_v3.both_sexes.tsv.bgz -O 20153_irnt.gwas.imputed_v3.both_sexes.tsv.bgz,https://broad-ukb-sumstats-us-east-1.s3.amazonaws.com/round2/additive-tsvs/20153_irnt.gwas.imputed_v3.both_sexes.tsv.bgz
Forced expiratory volume in 1-second,FEV1_4,20153_raw,"Forced expiratory volume in 1-second (FEV1), predicted",http://biobank.ctsu.ox.ac.uk/crystal/field.cgi?id=20153,both_sexes,20153_raw.gwas.imputed_v3.both_sexes.tsv.bgz,wget https://broad-ukb-sumstats-us-east-1.s3.amazonaws.com/round2/additive-tsvs/20153_raw.gwas.imputed_v3.both_sexes.tsv.bgz -O 20153_raw.gwas.imputed_v3.both_sexes.tsv.bgz,https://broad-ukb-sumstats-us-east-1.s3.amazonaws.com/round2/additive-tsvs/20153_raw.gwas.imputed_v3.both_sexes.tsv.bgz
Forced expiratory volume in 1-second,FEV1_5,20154_irnt,"Forced expiratory volume in 1-second (FEV1), predicted percentage",http://biobank.ctsu.ox.ac.uk/crystal/field.cgi?id=20154,both_sexes,20154_irnt.gwas.imputed_v3.both_sexes.tsv.bgz,wget https://broad-ukb-sumstats-us-east-1.s3.amazonaws.com/round2/additive-tsvs/20154_irnt.gwas.imputed_v3.both_sexes.tsv.bgz -O 20154_irnt.gwas.imputed_v3.both_sexes.tsv.bgz,https://broad-ukb-sumstats-us-east-1.s3.amazonaws.com/round2/additive-tsvs/20154_irnt.gwas.imputed_v3.both_sexes.tsv.bgz
Forced expiratory volume in 1-second,FEV1_6,20154_raw,"Forced expiratory volume in 1-second (FEV1), predicted percentage",http://biobank.ctsu.ox.ac.uk/crystal/field.cgi?id=20154,both_sexes,20154_raw.gwas.imputed_v3.both_sexes.tsv.bgz,wget https://broad-ukb-sumstats-us-east-1.s3.amazonaws.com/round2/additive-tsvs/20154_raw.gwas.imputed_v3.both_sexes.tsv.bgz -O 20154_raw.gwas.imputed_v3.both_sexes.tsv.bgz,https://broad-ukb-sumstats-us-east-1.s3.amazonaws.com/round2/additive-tsvs/20154_raw.gwas.imputed_v3.both_sexes.tsv.bgz
Forced expiratory volume in 1-second,FEV1_7,3063_irnt,Forced expiratory volume in 1-second (FEV1),http://biobank.ctsu.ox.ac.uk/crystal/field.cgi?id=3063,both_sexes,3063_irnt.gwas.imputed_v3.both_sexes.tsv.bgz,wget https://broad-ukb-sumstats-us-east-1.s3.amazonaws.com/round2/additive-tsvs/3063_irnt.gwas.imputed_v3.both_sexes.tsv.bgz -O 3063_irnt.gwas.imputed_v3.both_sexes.tsv.bgz,https://broad-ukb-sumstats-us-east-1.s3.amazonaws.com/round2/additive-tsvs/3063_irnt.gwas.imputed_v3.both_sexes.tsv.bgz
Forced expiratory volume in 1-second,FEV1_8,3063_raw,Forced expiratory volume in 1-second (FEV1),http://biobank.ctsu.ox.ac.uk/crystal/field.cgi?id=3063,both_sexes,3063_raw.gwas.imputed_v3.both_sexes.tsv.bgz,wget https://broad-ukb-sumstats-us-east-1.s3.amazonaws.com/round2/additive-tsvs/3063_raw.gwas.imputed_v3.both_sexes.tsv.bgz -O 3063_raw.gwas.imputed_v3.both_sexes.tsv.bgz,https://broad-ukb-sumstats-us-east-1.s3.amazonaws.com/round2/additive-tsvs/3063_raw.gwas.imputed_v3.both_sexes.tsv.bgz
Forced vital capacity,FVC_1,20151_irnt,"Forced vital capacity (FVC), Best measure",http://biobank.ctsu.ox.ac.uk/crystal/field.cgi?id=20151,both_sexes,20151_irnt.gwas.imputed_v3.both_sexes.tsv.bgz,wget https://broad-ukb-sumstats-us-east-1.s3.amazonaws.com/round2/additive-tsvs/20151_irnt.gwas.imputed_v3.both_sexes.tsv.bgz -O 20151_irnt.gwas.imputed_v3.both_sexes.tsv.bgz,https://broad-ukb-sumstats-us-east-1.s3.amazonaws.com/round2/additive-tsvs/20151_irnt.gwas.imputed_v3.both_sexes.tsv.bgz
Forced vital capacity,FVC_2,20151_raw,"Forced vital capacity (FVC), Best measure",http://biobank.ctsu.ox.ac.uk/crystal/field.cgi?id=20151,both_sexes,20151_raw.gwas.imputed_v3.both_sexes.tsv.bgz,wget https://broad-ukb-sumstats-us-east-1.s3.amazonaws.com/round2/additive-tsvs/20151_raw.gwas.imputed_v3.both_sexes.tsv.bgz -O 20151_raw.gwas.imputed_v3.both_sexes.tsv.bgz,https://broad-ukb-sumstats-us-east-1.s3.amazonaws.com/round2/additive-tsvs/20151_raw.gwas.imputed_v3.both_sexes.tsv.bgz
Forced vital capacity,FVC_3,3062_irnt,Forced vital capacity (FVC),http://biobank.ctsu.ox.ac.uk/crystal/field.cgi?id=3062,both_sexes,3062_irnt.gwas.imputed_v3.both_sexes.tsv.bgz,wget https://broad-ukb-sumstats-us-east-1.s3.amazonaws.com/round2/additive-tsvs/3062_irnt.gwas.imputed_v3.both_sexes.tsv.bgz -O 3062_irnt.gwas.imputed_v3.both_sexes.tsv.bgz,https://broad-ukb-sumstats-us-east-1.s3.amazonaws.com/round2/additive-tsvs/3062_irnt.gwas.imputed_v3.both_sexes.tsv.bgz
Forced vital capacity,FVC_4,3062_raw,Forced vital capacity (FVC),http://biobank.ctsu.ox.ac.uk/crystal/field.cgi?id=3062,both_sexes,3062_raw.gwas.imputed_v3.both_sexes.tsv.bgz,wget https://broad-ukb-sumstats-us-east-1.s3.amazonaws.com/round2/additive-tsvs/3062_raw.gwas.imputed_v3.both_sexes.tsv.bgz -O 3062_raw.gwas.imputed_v3.both_sexes.tsv.bgz,https://broad-ukb-sumstats-us-east-1.s3.amazonaws.com/round2/additive-tsvs/3062_raw.gwas.imputed_v3.both_sexes.tsv.bgz
IGF-1,IGF-1_1,30770_irnt,IGF-1 (quantile),http://biobank.ctsu.ox.ac.uk/crystal/field.cgi?id=30770,both_sexes,30770_irnt.gwas.imputed_v3.both_sexes.varorder.tsv.bgz,wget https://broad-ukb-sumstats-us-east-1.s3.amazonaws.com/round2/additive-tsvs/30770_irnt.gwas.imputed_v3.both_sexes.varorder.tsv.bgz -O 30770_irnt.gwas.imputed_v3.both_sexes.varorder.tsv.bgz,https://broad-ukb-sumstats-us-east-1.s3.amazonaws.com/round2/additive-tsvs/30770_irnt.gwas.imputed_v3.both_sexes.varorder.tsv.bgz
IGF-1,IGF-1_2,30770_raw,IGF-1 (nmol/L),http://biobank.ctsu.ox.ac.uk/crystal/field.cgi?id=30770,both_sexes,30770_raw.gwas.imputed_v3.both_sexes.varorder.tsv.bgz,wget https://broad-ukb-sumstats-us-east-1.s3.amazonaws.com/round2/additive-tsvs/30770_raw.gwas.imputed_v3.both_sexes.varorder.tsv.bgz -O 30770_raw.gwas.imputed_v3.both_sexes.varorder.tsv.bgz,https://broad-ukb-sumstats-us-east-1.s3.amazonaws.com/round2/additive-tsvs/30770_raw.gwas.imputed_v3.both_sexes.varorder.tsv.bgz
Birth weight,BW_1,20022_irnt,Birth weight,http://biobank.ctsu.ox.ac.uk/crystal/field.cgi?id=20022,both_sexes,20022_irnt.gwas.imputed_v3.both_sexes.tsv.bgz,wget https://broad-ukb-sumstats-us-east-1.s3.amazonaws.com/round2/additive-tsvs/20022_irnt.gwas.imputed_v3.both_sexes.tsv.bgz -O 20022_irnt.gwas.imputed_v3.both_sexes.tsv.bgz,https://broad-ukb-sumstats-us-east-1.s3.amazonaws.com/round2/additive-tsvs/20022_irnt.gwas.imputed_v3.both_sexes.tsv.bgz
Birth weight,BW_2,20022_raw,Birth weight,http://biobank.ctsu.ox.ac.uk/crystal/field.cgi?id=20022,both_sexes,20022_raw.gwas.imputed_v3.both_sexes.tsv.bgz,wget https://broad-ukb-sumstats-us-east-1.s3.amazonaws.com/round2/additive-tsvs/20022_raw.gwas.imputed_v3.both_sexes.tsv.bgz -O 20022_raw.gwas.imputed_v3.both_sexes.tsv.bgz,https://broad-ukb-sumstats-us-east-1.s3.amazonaws.com/round2/additive-tsvs/20022_raw.gwas.imputed_v3.both_sexes.tsv.bgz
Cystatin C,CC_1,30720_irnt,Cystatin C (quantile),http://biobank.ctsu.ox.ac.uk/crystal/field.cgi?id=30720,both_sexes,30720_irnt.gwas.imputed_v3.both_sexes.varorder.tsv.bgz,wget https://broad-ukb-sumstats-us-east-1.s3.amazonaws.com/round2/additive-tsvs/30720_irnt.gwas.imputed_v3.both_sexes.varorder.tsv.bgz -O 30720_irnt.gwas.imputed_v3.both_sexes.varorder.tsv.bgz,https://broad-ukb-sumstats-us-east-1.s3.amazonaws.com/round2/additive-tsvs/30720_irnt.gwas.imputed_v3.both_sexes.varorder.tsv.bgz
Cystatin C,CC_2,30720_raw,Cystatin C (mg/L),http://biobank.ctsu.ox.ac.uk/crystal/field.cgi?id=30720,both_sexes,30720_raw.gwas.imputed_v3.both_sexes.varorder.tsv.bgz,wget https://broad-ukb-sumstats-us-east-1.s3.amazonaws.com/round2/additive-tsvs/30720_raw.gwas.imputed_v3.both_sexes.varorder.tsv.bgz -O 30720_raw.gwas.imputed_v3.both_sexes.varorder.tsv.bgz,https://broad-ukb-sumstats-us-east-1.s3.amazonaws.com/round2/additive-tsvs/30720_raw.gwas.imputed_v3.both_sexes.varorder.tsv.bgz
Townsend Index,TI_1,189_irnt,Townsend deprivation index at recruitment,http://biobank.ctsu.ox.ac.uk/crystal/field.cgi?id=189,both_sexes,189_irnt.gwas.imputed_v3.both_sexes.tsv.bgz,wget https://broad-ukb-sumstats-us-east-1.s3.amazonaws.com/round2/additive-tsvs/189_irnt.gwas.imputed_v3.both_sexes.tsv.bgz -O 189_irnt.gwas.imputed_v3.both_sexes.tsv.bgz,https://broad-ukb-sumstats-us-east-1.s3.amazonaws.com/round2/additive-tsvs/189_irnt.gwas.imputed_v3.both_sexes.tsv.bgz
Townsend Index,TI_2,189_raw,Townsend deprivation index at recruitment,http://biobank.ctsu.ox.ac.uk/crystal/field.cgi?id=189,both_sexes,189_raw.gwas.imputed_v3.both_sexes.tsv.bgz,wget https://broad-ukb-sumstats-us-east-1.s3.amazonaws.com/round2/additive-tsvs/189_raw.gwas.imputed_v3.both_sexes.tsv.bgz -O 189_raw.gwas.imputed_v3.both_sexes.tsv.bgz,https://broad-ukb-sumstats-us-east-1.s3.amazonaws.com/round2/additive-tsvs/189_raw.gwas.imputed_v3.both_sexes.tsv.bgz
Anorexia,ANO_1,20002_1470,"Non-cancer illness code, self-reported: anorexia/bulimia/other eating disorder",http://biobank.ctsu.ox.ac.uk/crystal/field.cgi?id=20002,both_sexes,20002_1470.gwas.imputed_v3.both_sexes.tsv.bgz,wget https://broad-ukb-sumstats-us-east-1.s3.amazonaws.com/round2/additive-tsvs/20002_1470.gwas.imputed_v3.both_sexes.tsv.bgz -O 20002_1470.gwas.imputed_v3.both_sexes.tsv.bgz,https://broad-ukb-sumstats-us-east-1.s3.amazonaws.com/round2/additive-tsvs/20002_1470.gwas.imputed_v3.both_sexes.tsv.bgz
Anorexia,ANO_2,20544_16,Mental health problems ever diagnosed by a professional: Anorexia nervosa,http://biobank.ctsu.ox.ac.uk/crystal/field.cgi?id=20544,both_sexes,20544_16.gwas.imputed_v3.both_sexes.tsv.bgz,wget https://broad-ukb-sumstats-us-east-1.s3.amazonaws.com/round2/additive-tsvs/20544_16.gwas.imputed_v3.both_sexes.tsv.bgz -O 20544_16.gwas.imputed_v3.both_sexes.tsv.bgz,https://broad-ukb-sumstats-us-east-1.s3.amazonaws.com/round2/additive-tsvs/20544_16.gwas.imputed_v3.both_sexes.tsv.bgz
Anorexia,ANO_3,20544_16,Mental health problems ever diagnosed by a professional: Anorexia nervosa,http://biobank.ctsu.ox.ac.uk/crystal/field.cgi?id=20544,both_sexes,20544_16.gwas.imputed_v3.both_sexes.v2.tsv.bgz,wget https://broad-ukb-sumstats-us-east-1.s3.amazonaws.com/round2/additive-tsvs/20544_16.gwas.imputed_v3.both_sexes.v2.tsv.bgz -O 20544_16.gwas.imputed_v3.both_sexes.v2.tsv.bgz,https://broad-ukb-sumstats-us-east-1.s3.amazonaws.com/round2/additive-tsvs/20544_16.gwas.imputed_v3.both_sexes.v2.tsv.bgz
Bipolar,BIP_1,20122,Bipolar disorder status,http://biobank.ctsu.ox.ac.uk/crystal/field.cgi?id=20122,both_sexes,20122.gwas.imputed_v3.both_sexes.tsv.bgz,wget https://broad-ukb-sumstats-us-east-1.s3.amazonaws.com/round2/additive-tsvs/20122.gwas.imputed_v3.both_sexes.tsv.bgz -O 20122.gwas.imputed_v3.both_sexes.tsv.bgz,https://broad-ukb-sumstats-us-east-1.s3.amazonaws.com/round2/additive-tsvs/20122.gwas.imputed_v3.both_sexes.tsv.bgz
Bipolar,BIP_2,20544_10,"Mental health problems ever diagnosed by a professional: Mania, hypomania, bipolar or manic-depression",http://biobank.ctsu.ox.ac.uk/crystal/field.cgi?id=20544,both_sexes,20544_10.gwas.imputed_v3.both_sexes.tsv.bgz,wget https://broad-ukb-sumstats-us-east-1.s3.amazonaws.com/round2/additive-tsvs/20544_10.gwas.imputed_v3.both_sexes.tsv.bgz -O 20544_10.gwas.imputed_v3.both_sexes.tsv.bgz,https://broad-ukb-sumstats-us-east-1.s3.amazonaws.com/round2/additive-tsvs/20544_10.gwas.imputed_v3.both_sexes.tsv.bgz
Bipolar,BIP_3,20126_1,Bipolar and major depression status: Bipolar I Disorder,http://biobank.ctsu.ox.ac.uk/crystal/field.cgi?id=20126,both_sexes,20126_1.gwas.imputed_v3.both_sexes.tsv.bgz,wget https://broad-ukb-sumstats-us-east-1.s3.amazonaws.com/round2/additive-tsvs/20126_1.gwas.imputed_v3.both_sexes.tsv.bgz -O 20126_1.gwas.imputed_v3.both_sexes.tsv.bgz,https://broad-ukb-sumstats-us-east-1.s3.amazonaws.com/round2/additive-tsvs/20126_1.gwas.imputed_v3.both_sexes.tsv.bgz
Bipolar,BIP_4,20126_2,Bipolar and major depression status: Bipolar II Disorder,http://biobank.ctsu.ox.ac.uk/crystal/field.cgi?id=20126,both_sexes,20126_2.gwas.imputed_v3.both_sexes.tsv.bgz,wget https://broad-ukb-sumstats-us-east-1.s3.amazonaws.com/round2/additive-tsvs/20126_2.gwas.imputed_v3.both_sexes.tsv.bgz -O 20126_2.gwas.imputed_v3.both_sexes.tsv.bgz,https://broad-ukb-sumstats-us-east-1.s3.amazonaws.com/round2/additive-tsvs/20126_2.gwas.imputed_v3.both_sexes.tsv.bgz
Bipolar,BIP_5,F31,Diagnoses - main ICD10: F31 Bipolar affective disorder,http://biobank.ctsu.ox.ac.uk/crystal/field.cgi?id=F31,both_sexes,F31.gwas.imputed_v3.both_sexes.tsv.bgz,wget https://broad-ukb-sumstats-us-east-1.s3.amazonaws.com/round2/additive-tsvs/F31.gwas.imputed_v3.both_sexes.tsv.bgz -O F31.gwas.imputed_v3.both_sexes.tsv.bgz,https://broad-ukb-sumstats-us-east-1.s3.amazonaws.com/round2/additive-tsvs/F31.gwas.imputed_v3.both_sexes.tsv.bgz
Bipolar,BIP_6,20544_10,"Mental health problems ever diagnosed by a professional: Mania, hypomania, bipolar or manic-depression",http://biobank.ctsu.ox.ac.uk/crystal/field.cgi?id=20544,both_sexes,20544_10.gwas.imputed_v3.both_sexes.v2.tsv.bgz,wget https://broad-ukb-sumstats-us-east-1.s3.amazonaws.com/round2/additive-tsvs/20544_10.gwas.imputed_v3.both_sexes.v2.tsv.bgz -O 20544_10.gwas.imputed_v3.both_sexes.v2.tsv.bgz,https://broad-ukb-sumstats-us-east-1.s3.amazonaws.com/round2/additive-tsvs/20544_10.gwas.imputed_v3.both_sexes.v2.tsv.bgz
Schizophrenia,SCZ_1,20002_1289,"Non-cancer illness code, self-reported: schizophrenia",http://biobank.ctsu.ox.ac.uk/crystal/field.cgi?id=20002,both_sexes,20002_1289.gwas.imputed_v3.both_sexes.tsv.bgz,wget https://broad-ukb-sumstats-us-east-1.s3.amazonaws.com/round2/additive-tsvs/20002_1289.gwas.imputed_v3.both_sexes.tsv.bgz -O 20002_1289.gwas.imputed_v3.both_sexes.tsv.bgz,https://broad-ukb-sumstats-us-east-1.s3.amazonaws.com/round2/additive-tsvs/20002_1289.gwas.imputed_v3.both_sexes.tsv.bgz
Schizophrenia,SCZ_2,20544_2,Mental health problems ever diagnosed by a professional: Schizophrenia,http://biobank.ctsu.ox.ac.uk/crystal/field.cgi?id=20544,both_sexes,20544_2.gwas.imputed_v3.both_sexes.tsv.bgz,wget https://broad-ukb-sumstats-us-east-1.s3.amazonaws.com/round2/additive-tsvs/20544_2.gwas.imputed_v3.both_sexes.tsv.bgz -O 20544_2.gwas.imputed_v3.both_sexes.tsv.bgz,https://broad-ukb-sumstats-us-east-1.s3.amazonaws.com/round2/additive-tsvs/20544_2.gwas.imputed_v3.both_sexes.tsv.bgz
Schizophrenia,SCZ_3,F20,Diagnoses - main ICD10: F20 Schizophrenia,http://biobank.ctsu.ox.ac.uk/crystal/field.cgi?id=F20,both_sexes,F20.gwas.imputed_v3.both_sexes.tsv.bgz,wget https://broad-ukb-sumstats-us-east-1.s3.amazonaws.com/round2/additive-tsvs/F20.gwas.imputed_v3.both_sexes.tsv.bgz -O F20.gwas.imputed_v3.both_sexes.tsv.bgz,https://broad-ukb-sumstats-us-east-1.s3.amazonaws.com/round2/additive-tsvs/F20.gwas.imputed_v3.both_sexes.tsv.bgz
Schizophrenia,SCZ_4,F5_SCHIZO,"Schizophrenia, schizotypal and delusional disorders",http://biobank.ctsu.ox.ac.uk/crystal/field.cgi?id=F5,both_sexes,F5_SCHIZO.gwas.imputed_v3.both_sexes.tsv.bgz,wget https://broad-ukb-sumstats-us-east-1.s3.amazonaws.com/round2/additive-tsvs/F5_SCHIZO.gwas.imputed_v3.both_sexes.tsv.bgz -O F5_SCHIZO.gwas.imputed_v3.both_sexes.tsv.bgz,https://broad-ukb-sumstats-us-east-1.s3.amazonaws.com/round2/additive-tsvs/F5_SCHIZO.gwas.imputed_v3.both_sexes.tsv.bgz
Schizophrenia,SCZ_5,KRA_PSY_SCHIZODEL,Schizophrenia or delusion,http://biobank.ctsu.ox.ac.uk/crystal/field.cgi?id=KRA,both_sexes,KRA_PSY_SCHIZODEL.gwas.imputed_v3.both_sexes.tsv.bgz,wget https://broad-ukb-sumstats-us-east-1.s3.amazonaws.com/round2/additive-tsvs/KRA_PSY_SCHIZODEL.gwas.imputed_v3.both_sexes.tsv.bgz -O KRA_PSY_SCHIZODEL.gwas.imputed_v3.both_sexes.tsv.bgz,https://broad-ukb-sumstats-us-east-1.s3.amazonaws.com/round2/additive-tsvs/KRA_PSY_SCHIZODEL.gwas.imputed_v3.both_sexes.tsv.bgz
Neuroticism,NEUR_1,20127_irnt,Neuroticism score,http://biobank.ctsu.ox.ac.uk/crystal/field.cgi?id=20127,both_sexes,20127_irnt.gwas.imputed_v3.both_sexes.tsv.bgz,wget https://broad-ukb-sumstats-us-east-1.s3.amazonaws.com/round2/additive-tsvs/20127_irnt.gwas.imputed_v3.both_sexes.tsv.bgz -O 20127_irnt.gwas.imputed_v3.both_sexes.tsv.bgz,https://broad-ukb-sumstats-us-east-1.s3.amazonaws.com/round2/additive-tsvs/20127_irnt.gwas.imputed_v3.both_sexes.tsv.bgz
Neuroticism,NEUR_2,20127_raw,Neuroticism score,http://biobank.ctsu.ox.ac.uk/crystal/field.cgi?id=20127,both_sexes,20127_raw.gwas.imputed_v3.both_sexes.tsv.bgz,wget https://broad-ukb-sumstats-us-east-1.s3.amazonaws.com/round2/additive-tsvs/20127_raw.gwas.imputed_v3.both_sexes.tsv.bgz -O 20127_raw.gwas.imputed_v3.both_sexes.tsv.bgz,https://broad-ukb-sumstats-us-east-1.s3.amazonaws.com/round2/additive-tsvs/20127_raw.gwas.imputed_v3.both_sexes.tsv.bgz
Lung cancer,LC_1,22140,Doctor diagnosed lung cancer (not mesothelioma),http://biobank.ctsu.ox.ac.uk/crystal/field.cgi?id=22140,both_sexes,22140.gwas.imputed_v3.both_sexes.tsv.bgz,wget https://broad-ukb-sumstats-us-east-1.s3.amazonaws.com/round2/additive-tsvs/22140.gwas.imputed_v3.both_sexes.tsv.bgz -O 22140.gwas.imputed_v3.both_sexes.tsv.bgz,https://broad-ukb-sumstats-us-east-1.s3.amazonaws.com/round2/additive-tsvs/22140.gwas.imputed_v3.both_sexes.tsv.bgz
Lung cancer,LC_2,20001_1001,"Cancer code, self-reported: lung cancer",http://biobank.ctsu.ox.ac.uk/crystal/field.cgi?id=20001,both_sexes,20001_1001.gwas.imputed_v3.both_sexes.tsv.bgz,wget https://broad-ukb-sumstats-us-east-1.s3.amazonaws.com/round2/additive-tsvs/20001_1001.gwas.imputed_v3.both_sexes.tsv.bgz -O 20001_1001.gwas.imputed_v3.both_sexes.tsv.bgz,https://broad-ukb-sumstats-us-east-1.s3.amazonaws.com/round2/additive-tsvs/20001_1001.gwas.imputed_v3.both_sexes.tsv.bgz
Lung cancer,LC_3,LUNG_CANCER_MESOT,Lung cancer and mesothelioma,http://biobank.ctsu.ox.ac.uk/crystal/field.cgi?id=LUNG,both_sexes,LUNG_CANCER_MESOT.gwas.imputed_v3.both_sexes.tsv.bgz,wget https://broad-ukb-sumstats-us-east-1.s3.amazonaws.com/round2/additive-tsvs/LUNG_CANCER_MESOT.gwas.imputed_v3.both_sexes.tsv.bgz -O LUNG_CANCER_MESOT.gwas.imputed_v3.both_sexes.tsv.bgz,https://broad-ukb-sumstats-us-east-1.s3.amazonaws.com/round2/additive-tsvs/LUNG_CANCER_MESOT.gwas.imputed_v3.both_sexes.tsv.bgz
Lung cancer,LC_4,LUNG_CANCER,Lung cancer and mesothelioma,http://biobank.ctsu.ox.ac.uk/crystal/field.cgi?id=LUNG,both_sexes,LUNG_CANCER.gwas.imputed_v3.both_sexes.tsv.bgz,wget https://broad-ukb-sumstats-us-east-1.s3.amazonaws.com/round2/additive-tsvs/LUNG_CANCER.gwas.imputed_v3.both_sexes.tsv.bgz -O LUNG_CANCER.gwas.imputed_v3.both_sexes.tsv.bgz,https://broad-ukb-sumstats-us-east-1.s3.amazonaws.com/round2/additive-tsvs/LUNG_CANCER.gwas.imputed_v3.both_sexes.tsv.bgz